TABLEID,SCHEMANAME,TABLE_DESCRIPTION,TABLE_NAME,COLUMNNAME,DATATYPE,PRIMARYKEY,FOREIGNKEY,DESCRIPTION,distinct_count,top_3_values,min_value,max_value,has_negative_values,Unique Values
"250,196,062",PRD,Aggregated data of claims on Claim Number level,CLAIMS_SUMMARY,Accident or Incident Code,nvarchar(255),,,"Code representing the type of accident/incident (e.g., Crash, Work Comp). Used for classification and trend analysis.",4,"Crash, C, W",,,No,"C,
Crash,
Other,
W"
"250,196,062",PRD,Aggregated data of claims on Claim Number level,CLAIMS_SUMMARY,Accident Type,varchar(16),,,"Brief classification of the accident type (e.g., ""Close Quarters"", ""Roadway Crashes"")",7,"Close Quarters, Roadway Crashes, Cargo",,,No,"Cargo,
Close Quarters,
Critical Crashes,
Other Claim,
Roadway Crashes,
Work Comp"
"250,196,062",PRD,Aggregated data of claims on Claim Number level,CLAIMS_SUMMARY,Actual Recovered Amount,"decimal(18,2)",,,The actual monetary amount recovered from the claim in dollars,"10,130","0.00, 500.00, 1000.00",0,2087090,No,
"250,196,062",PRD,Aggregated data of claims on Claim Number level,CLAIMS_SUMMARY,At Customer Code,nvarchar(255),,,Customer code identifier where the incident occurred,1,,,,No,
"250,196,062",PRD,Aggregated data of claims on Claim Number level,CLAIMS_SUMMARY,Cargo Claim - Will Dispute,int,,,Binary indicator (0/1) for whether the cargo claim will be disputed,2,"0, 1",0,1,No,
"250,196,062",PRD,Aggregated data of claims on Claim Number level,CLAIMS_SUMMARY,Cargo Claim Flag,varchar(1),,,Single character flag indicating if this is a cargo-related claim,2,"N, Y",,,No,"N,
Y"
"250,196,062",PRD,Aggregated data of claims on Claim Number level,CLAIMS_SUMMARY,Cargo Workers Comp,varchar(255),,,Workers compensation information related to cargo handling,4,"Accident, Cargo",,,No,"Accident,
Cargo,
Work Comp"
"250,196,062",PRD,Aggregated data of claims on Claim Number level,CLAIMS_SUMMARY,Claim City,nvarchar(255),,,City where the claim incident occurred,"4,753","east dubuque, Denton, MONMOUTH",,,No,
"250,196,062",PRD,Aggregated data of claims on Claim Number level,CLAIMS_SUMMARY,Claim City/State,nvarchar(512),,,Combined city and state location of the claim incident,"6,359","East Dubuque, IL, DENTON, TX, MONMOUTH, IL",,,No,
"250,196,062",PRD,Aggregated data of claims on Claim Number level,CLAIMS_SUMMARY,Claim Cost,"decimal(18,2)",,,Total cost associated with the claim in dollars,"28,186","0.00, 1000.00, 5000.00",-1506.5,19631427.76,Yes,
"250,196,062",PRD,Aggregated data of claims on Claim Number level,CLAIMS_SUMMARY,Claim Driver Manager,nvarchar(255),,,Manager responsible for the driver involved in the claim,12,"      , JONW  ",,,No,"B8SHML,
D4THML,
JONW,
LJMHML,
M8MHML,
M9MHML,
MUSJ,
SLMHML,
T2CHML,
W2HHML,
Z1HHML"
"250,196,062",PRD,Aggregated data of claims on Claim Number level,CLAIMS_SUMMARY,Claim Number,nvarchar(255),,,Unique identifier for each claim. Serves as the primary key for linking claim-related details.,"45,751","1, 10, 0100",,,No,
"250,196,062",PRD,Aggregated data of claims on Claim Number level,CLAIMS_SUMMARY,Claim Report Date,date,,,"Date when the claim was officially reported by the driver, adjuster, or other party.","7,185","2025-08-06, 2019-03-05",10/29/1998,9/14/2025,No,
"250,196,062",PRD,Aggregated data of claims on Claim Number level,CLAIMS_SUMMARY,Claim Report Date To TPA,date,,,Date when the claim was reported to the Third Party Administrator,88,"2021-04-13, 2021-07-22",11/4/2020,6/10/2025,No,
"250,196,062",PRD,Aggregated data of claims on Claim Number level,CLAIMS_SUMMARY,Claim Report Time,time,,,"Time when the claim was reported
",36,"00:00:00.0000000, 08:00:00.0000000",00:00.0,15:00.0,No,
"250,196,062",PRD,Aggregated data of claims on Claim Number level,CLAIMS_SUMMARY,Claim Report Week Ending,date,,,Week ending date for when the claim was reported,"1,314","2019-03-10, 2019-08-25, 2020-01-26",2001-01-07,9/14/2025,No,
"250,196,062",PRD,Aggregated data of claims on Claim Number level,CLAIMS_SUMMARY,Claim State,nvarchar(255),,,State where the claim incident occurred,57,"IL, IA, TX",,,No,"AB,
AK,
AL,
AR,
AZ,
CA,
CO,
CT,
DC,
DE,
FL,
GA,
GJ,
IA,
ID,
IL,
IN,
KS,
KY,
LA,
MA,
MB,
MD,
ME,
MI,
MN,
MO,
MS,
MT,
NC,
ND,
NE,
NH,
NJ,
NM,
NV,
NY,
OH,
OK,
ON,
OR,
PA,
PQ,
RI,
SC,
SD,
TN,
TX,
UT,
VA,
VT,
WA,
WI,
WV,
WY"
"250,196,062",PRD,Aggregated data of claims on Claim Number level,CLAIMS_SUMMARY,Claimant Name,nvarchar(200),,,Name of the person making the claim,"6,172","-, TYSON FOODS INC.",,,No,
"250,196,062",PRD,Aggregated data of claims on Claim Number level,CLAIMS_SUMMARY,Close Date,date,,,Date when the claim was fully resolved and closed in the system.,"4,713","2006-10-25, 2006-10-09",7/12/2001,9/12/2025,No,
"250,196,062",PRD,Aggregated data of claims on Claim Number level,CLAIMS_SUMMARY,Comments,nvarchar(MAX),,,Free text field for additional comments about the claim,"1,441","HML UNIT PARKED, BACKING, STATIONARY OBJECT - MOVING FORWARD",,,No,
"250,196,062",PRD,Aggregated data of claims on Claim Number level,CLAIMS_SUMMARY,Cost Center,nvarchar(1300),,,Accounting cost center associated with the claim,304,"106, 101, 443",,,No,"0,
10,
100,
101,
102,
103,
104,
105,
106,
107,
108,
109,
11,
110,
111,
112,
113,
114,
12,
120,
121,
123,
124,
125,
126,
127,
128,
129,
130,
131,
141,
142,
143,
144,
145,
146,
147,
148,
149,
150,
151,
152,
160,
169,
175,
20,
200,
201,
202,
203,
204,
205,
206,
207,
210,
220,
222,
240,
241,
265,
266,
270,
301,
302,
303,
304,
306,
307,
309,
312,
316,
320,
321,
322,
323,
324,
325,
326,
327,
328,
329,
330,
331,
332,
333,
334,
335,
336,
337,
338,
340,
341,
342,
343,
344,
345,
346,
347,
348,
349,
350,
352,
353,
356,
359,
360,
361,
362,
363,
364,
365,
366,
367,
368,
372,
374,
376,
377,
379,
380,
381,
396,
397,
399,
400,
401,
402,
403,
404,
405,
406,
407,
408,
409,
410,
411,
412,
413,
414,
415,
416,
417,
418,
419,
420,
421,
422,
423,
424,
425,
426,
427,
428,
429,
430,
431,
432,
433,
434,
435,
436,
437,
438,
439,
440,
441,
442,
443,
444,
445,
446,
447,
448,
449,
450,
451,
452,
453,
454,
455,
456,
457,
458,
459,
460,
461,
462,
465,
466,
467,
468,
469,
470,
471,
472,
473,
474,
475,
476,
477,
478,
479,
480,
482,
483,
485,
487,
489,
490,
491,
492,
493,
494,
495,
496,
497,
498,
499,
50,
500,
501,
504,
505,
506,
507,
51,
522,
523,
527,
550,
60,
601,
602,
603,
604,
605,
606,
607,
608,
610,
611,
612,
613,
614,
618,
65,
710,
711,
720,
730,
735,
738,
745,
750,
755,
758,
760,
761,
764,
766,
770,
771,
772,
773,
790,
799,
801,
802,
804,
806,
810,
811,
822,
830,
834,
835,
838,
839,
840,
841,
842,
845,
848,
849,
850,
853,
859,
860,
861,
862,
863,
864,
866,
868,
869,
871,
872,
879,
901,
903,
911,
916,
999"
"250,196,062",PRD,Aggregated data of claims on Claim Number level,CLAIMS_SUMMARY,Coverage Major,nvarchar(200),,,Primary insurance coverage type for the claim,8,"Auto, Cargo, WC",,,No,"AL,
Auto,
Cargo,
EMPL,
GL,
OA,
WC"
"250,196,062",PRD,Aggregated data of claims on Claim Number level,CLAIMS_SUMMARY,Coverage Minor,nvarchar(200),,,Secondary insurance coverage type for the claim,131,"PARKED, BACK, FXOBFW",,,No,"21,
24,
27,
29,
3,
30,
4,
5,
50,
6,
7,
99,
ACT OF GOD,
ACTGOD,
AIGLIA,
ANIMAL,
Auto Liability Bodily Injury,
Auto Liability Property Damage,
BACK,
BACKING,
BOTTOMED OUT,
BROADS,
BROADSIDE,
BTMOUT,
CACC,
CAFIRE,
CARGO - DAMAGE,
CARGO - LATE,
CARGO - TEMP,
CARGO - THEFT,
CARGO FIRE,
CARGO INSPECTION,
CARGO SHORTAGE,
CARGO-ACCIDENT,
CARGOLOADSHIFT,
CDMG,
CEMP,
CINSPC,
CLATE,
CMECHA,
CNCF,
CNOPOD,
COVR,
CPOD,
CRG CLM- MCHNCL,
CRG CLM- MSSNGD,
CRG-UNAUTH DISP,
CRGDIS,
CRGORO,
CRGSFT,
CRGTMP,
CSHRT,
CSINT,
CTHFT,
CTMP,
CTRAN,
CUAD,
DROPPED TRAILER,
DRPTRL,
DRVWY - LNDSCP,
EMPL,
FIRE,
FIXED OBJCT FWD,
FUELSP,
FXOBFW,
General Liability Bodily Injury,
General Liability Property Damage,
HEADON,
HIGH HOOK,
HIHOOK,
HIT ANIMAL,
INJURY,
INTERSECT/RUNUN,
INTSRU,
IO,
JACKKF,
LANE CHANGE,
LANECH,
LCHS,
LEFTTU,
LNDSCP,
LOSS CONT FAST,
NON ACC CLAIM,
NONACC,
OA,
OVERHEAD OBJECT,
OVHDOB,
PARKED,
PARKING LOT,
PLI,
RANOFF,
REAR END,
REARND,
REPAIR,
REPAIR ONLY,
RIGHT TURN,
RIGHTT,
ROAD HAZARD,
ROADHZ,
ROLL-BACK/FWD,
ROLLA,
ROLLBF,
ROLLO,
SEAL INTEGRITY,
SHAGWL,
SIDESWIPE,
SSWIPE,
TDO,
THEFT/VANDALISM,
THEFTV,
TIGHT TURN,
TIGTTN,
TRLDMF,
TRLR DMG FOUND,
UD,
UD FOUND,
UNREPORTED OVER,
UTURN,
VENDOR,
VPKLIA,
WC,
WC COMP DRIVER,
WC COMPANY DRIVER,
WC ND,
WC NON-DRIVER,
WC TRAILER MECHANIC,
WC TRLR MCHNC,
WC TRUCK MECHANIC,
WCTLM,
WCTRM,
WORK COMP"
"250,196,062",PRD,Aggregated data of claims on Claim Number level,CLAIMS_SUMMARY,Create Date,date,,,Date the claim was first entered into the system (may be different from the actual incident date).,"5,891","2024-07-25, 2025-08-06, 2025-02-27",4/21/1999,9/14/2025,No,
"250,196,062",PRD,Aggregated data of claims on Claim Number level,CLAIMS_SUMMARY,Create DateTime,datetimeoffset,,,DateTime the claim was first entered into the system (may be different from the actual incident date).,"45,385","2024-07-25 04:56:30.0000000 +00:00, 2025-02-03 08:09:34.0000000 +00:00",1999-04-21 11:20:00.0000000 +00:00,2025-09-14 22:14:56.0000000 +00:00,No,
"250,196,062",PRD,Aggregated data of claims on Claim Number level,CLAIMS_SUMMARY,Create Time,time,,,Time when the claim record was created,"2,502","08:37:00.0000000, 10:34:00.0000000, 09:24:00.0000000",00:00.0,57:00.0,No,
"250,196,062",PRD,Aggregated data of claims on Claim Number level,CLAIMS_SUMMARY,Create Weekending Date,date,,,Week ending date for when the claim was created,"1,246","2024-07-28, 2019-08-25, 2025-03-02",4/25/1999,9/21/2025,No,
"250,196,062",PRD,Aggregated data of claims on Claim Number level,CLAIMS_SUMMARY,Created BY,nvarchar(255),,,User ID or identifier of who created the claim record,36,"005Ho000008FxdUIAS, 005Ho00000AyEsWIAV, 005QU00000GsFIjYAN",,,No,"005Ho000008FxdUIAS,
005Ho00000AyEsWIAV,
005Ho00000E0k2GIAR,
005QU000005B67NYAS,
005QU00000AKd5tYAD,
005QU00000GsFIbYAN,
005QU00000GsFIdYAN,
005QU00000GsFIhYAN,
005QU00000GsFIiYAN,
005QU00000GsFIjYAN,
005QU00000GsFIlYAN,
005QU00000JKgTCYA1,
A2KHML,
A2SHML,
B2THML,
BANB,
C2FHML,
D5MHML,
D8HHML,
DAOHML,
GAGS,
GOTT,
K3DHML,
KETHML,
L1BHML,
M1CHML,
M5PHML,
MEGHML,
PULM,
Q1SHML,
RAMHML,
S7BHML,
SCI,
STEJ,
T3GHML"
"250,196,062",PRD,Aggregated data of claims on Claim Number level,CLAIMS_SUMMARY,CriticalOrMinor,varchar(255),,,Classification of whether the incident is critical or minor in nature,2,"Minor, Critical",,,No,"Critical,
Minor"
"250,196,062",PRD,Aggregated data of claims on Claim Number level,CLAIMS_SUMMARY,Customer Code,nvarchar(255),,,Unique identifier code for the customer,480," , TFSP",,,No,"AATF,
ABCH,
ADKKE,
ADSKE,
AFBA1,
AFCO2,
AFNAME,
AKPE,
ALAP1,
ALAU,
ALAUD,
ALCH1,
ALCH5,
ALCH6,
ALCH7,
ALLKN,
ALNI,
AMDPI,
AMEPO,
AMICKD,
ANDSL,
ANHSL,
APWE6,
APWE7,
ARME2,
ARRCH,
ARRCH1,
ASTSP,
ATBR3,
AWACON,
AWAGRE,
AWGKC,
AWGKCD,
BAREC,
BBLCH,
BBLCV,
BDIN,
BDINAS,
BEKCOM,
BFSHAO,
BFTU,
BGGRI,
BGPAS,
BHLWH,
BHME,
BLAWOO,
BLCH2,
BLCS1,
BLEMD,
BLGA,
BMPCC,
BONBR,
BONBR1,
BPGA2,
BRITU,
BRTIN,
BRXSC,
BSNIN,
BTBA1,
BTED,
BTLA2,
BWCMA1,
BWLSP,
BWNB,
CANDY,
CARGAR,
CBAS,
CBBGU,
CBDED,
CBPKU,
CBTU,
CCAT2,
CCICAL,
CCTA3,
CDWI5,
CFACB,
CFCB,
CFDAC,
CFDOP,
CFEB,
CFSC,
CHENAS,
CHEWI,
CLBCL,
CLGKN,
CLLF,
CLLFD,
CMGNB,
CMLWI,
CMLWI1,
CMSWH,
CNGLO,
COCAT2,
COCAT3,
CRLKE,
CRYST,
CSHO4,
CTCEV,
CTPE,
CTSCH1,
CTSK,
CTSWI1,
CWASE,
CWLW,
CWOINC,
CWSE2,
CWSE3,
CWSE5,
DAISY,
DANON,
DEAND,
DEEMO,
DELCG,
DFCPI,
DFIS,
DFPC1,
DFVMO1,
DFVSP,
DLLSC,
DMFCG,
DNAWP,
DNAWP2,
DPLNA,
DPOAB,
DRBAB1,
DSAR,
DSAWA,
DSCM,
DSCMR,
DSGBG,
DTEDR,
DTLA,
DTLNA,
EATCO1,
ECMA4,
EGLCH,
EGLCHD,
EGSA,
EKTNY,
ELLBR,
EMESC,
EMESC1,
EPDEX,
ETKE,
EVERSA,
FARBO,
FBCNO,
FCBR1,
FCOB,
FDBBE,
FDMAB,
FEWI,
FFDKC,
FFKC,
FFKCR,
FFKE1,
FFMON,
FGME1,
FGPMT,
FKLEL,
FLCH,
FLCH4,
FLGRI,
FLRM,
FPLNI,
FPSE,
GBCR,
GECLI,
GENNE,
GEOSP1,
GESA,
GESC1,
GESINC,
GLFVE,
GLHL,
GLOPH,
GMIINC,
GMMI,
GMMI2,
GOUINC,
GRBBR,
GSBCH,
GSLFLL,
GSNA2,
GTGGI,
GTSVER,
HBDDU,
HBLKC,
HDFHO,
HERCRM,
HERHE,
HFSCH,
HFSTU,
HGTSS,
HILIS,
HILTU,
HLSJP,
HMLDU,
HMLED,
HMSPT,
HMTDU,
HNAPI,
HNAPID,
HODBR,
HORAU,
HRFMA,
HSPSP1,
HTDU,
HTMDU,
HTSMA,
IACHA,
IAPRED,
IBPDC,
IELWCD,
JANA,
JBDGI,
JBSCO,
JBSCO1,
JBSCOD,
JDWDE,
JERNAS,
JLSA,
JOFME,
JPCCO,
JTNA,
JUANAS,
KDILLC,
KDLNA,
KDPNO1,
KDPNO2,
KFDAS1,
KFDCH1,
KFDFP,
KFMA6,
KFTSA,
KFTSK,
KFTSW,
KHBTO1,
KHPI,
KICOO,
KINRM,
KKCO,
KMTCO,
KOCO,
KPFP,
KSHBAK,
KTPR,
LABU,
LABUD,
LBPNO,
LDAR,
LDAR1,
LDAR2,
LDCNO,
LDLNO,
LDNO,
LELNA,
LEPRFO,
LFDE,
LFDE2,
LFMNOD,
LFMSPT,
LFPL1,
LHTNA,
LISNAS,
LLHO1,
LOANY,
LPPFRO,
LSCOS,
LSUST,
LTSUP,
LWDKE,
LXPCHI,
LXPDED,
LXPMG,
LXPPI,
LXPPI1,
MABCH,
MBPTE,
MEIJE,
MFCA2,
MFCH2,
MFDMI1,
MFDMID,
MFDSE,
MFLB,
MFLDA,
MFSPT,
MGLBR,
MILLC,
MLWI2D,
MMMMMM,
MMPGA,
MNAGR,
MORSF,
MSCH4,
NADON,
NBCE2,
NBPKC,
NFES,
NHDON,
NICH1,
NLSDE,
NLSDED,
NLSDEM,
NLSDEW,
NLSDMD,
NLSDMW,
NROA,
NROAL,
NTFU,
NUNSA,
NWWBR,
NWWBR1,
OARBG,
OGNLI,
OIPE,
OLLLA,
ORTTR,
OTEGQ,
OTEGQD,
OTOM2,
PACDED,
PAPQU1,
PBGBO,
PBLSA,
PCBR,
PDLSA,
PDSA1,
PEPPL,
PFAM1D,
PFSME1,
PIMSA1,
PLANA1,
PLPL,
PLST,
PMVPM,
PPMP,
PPMP3,
PPMPD,
PPORK,
PPUSA,
PPWI1,
PRDED,
PREHIG,
PRGSA,
PSPCOR,
PTHA,
PTHO,
PTISA,
PTSA,
PTSAD1,
PTSAM,
QTSSJ,
RBNSM,
RCULY,
RFBR1,
RFDE,
RFGC3,
RGFCH1,
RIML,
RLBUD,
RLHO1,
RLOA,
RMLI,
ROUDU,
ROWNA,
RPBA1,
RTBO,
RTDM,
RTDMD,
RTNE,
RTSAD,
RXOCH,
RXOCH1,
SANUTR,
SBKN,
SCDCI1,
SCPCI,
SCULI,
SDHKC,
SDUFR,
SDWP,
SEASM,
SFBR1,
SFFL,
SFMPH1,
SFPCH,
SFPL1,
SFPSM1,
SFSM,
SFSM1,
SFWA2,
SGMI1,
SHPLU5,
SIDA,
SIMPL,
SJMCO,
SLLMI,
SLLPL,
SMFDED,
SMFDLW,
SMFSPT,
SMKC,
SMKCD,
SNCIN,
SOJMB,
SPFSS,
SPSO1,
SSSKC1,
STARB,
STDU,
STHE,
SWELY,
SWICOM,
SWIGR,
SYSHO,
SYSHOD,
TBDE,
TCLHU,
TFMSA,
TFSA1,
TFSP,
TFSSA,
TIHI,
TLLCH,
TLSE2,
TMCO,
TMVP,
TMWE1,
TOCH,
TORO,
TPBR2,
TQLMI,
TQLMID,
TRDGV,
TRDSP1,
TRDSP2,
TRDSP3,
TREINC,
TSBP,
TTCH2,
TTCH3,
TTPMA,
TUESDA,
TURBAN,
TYSNFD,
UFCH3,
UFLSF,
UFPSF,
UFSLO,
UHFAL,
ULVO,
UNISL,
USFIL,
UTSME,
UWTGV,
VFAINC,
VFAU,
VLDA,
VLWA,
VWGSP,
WALMAA,
WALMAD,
WD6SA,
WFCO,
WFGBB,
WFIFR,
WFON,
WHOBE,
WHOFR,
WMBDED,
WPAKA,
WPGCR1,
WSBNA,
WSHO,
WSHOD,
WWTRW,
XLCH"
"250,196,062",PRD,Aggregated data of claims on Claim Number level,CLAIMS_SUMMARY,Customer Name,nvarchar(255),,,Name of the customer associated with the claim,582,"TYSON FOODS INC., WALMART STORES (BILLING)",,,No,"66 ToGo,
AB FOODS,
ABBOTT LABORATORIES,
ACC distributors inc,
AFN LLC,
AG TOUR INC.,
AJINOMOTO FOODS N AMERICA,
AJINOMOTO WINDSOR FOODS,
ALL STATES TRANSPORT INC,
ALLEN LUND COMPANY,
ALTAFRESH LLC,
AMERICOLD LOGISTICS OTR,
AMICK FARMS,
AMICK FARMS DEDICATED,
AMY'S KITCHEN,
ANHEUSER-BUSCH,
ANHEUSER-BUSCH--BILL TO,
APPLETON PRODUCE,
APPLETON PRODUCE CO.- JCT,
ARMADA,
ARMADA DEDICATED,
ARMADA MIDWEST DED,
ARMADA SUPPLY CHAIN, LLC,
ARMADA TRANS -FINANCE,
ARMADA TRANS-FINANCE,
ARRIVE LOGISTICS,
ARROWSTREAM-FOOD IN TRANS,
ASPHALT COWBOY TOURING,
ASR,
ASSOCIATED WHLSE DED,
ASSOCIATED WHLSE GROCERS,
ATLAS ROOFING CORP,
AUSTRALIS AQUACULTURE,LLC,
AVENUE LOGISTICS,
AWAKENING EVENTS, INC,
AWAKENING FOUNDATION,
AWG DEDICATED KENOSHA,
AWG DEDICATED SAINT CLOUD,
Abbyland Shipping/Receiving office,
Albertsons Companies/Jewel Osco,
Albertsons DC,
All- Phase Electric Supplies,
Allsups Convenience store,
Alpha Baking,
Americold,
Americold Freezer,
Americold Monmouth,
Armada Supply Chain Hub,
Aryzta Holdings IV LLC,
Aurora,
B & G Foods,
BAMA COMPANIES,
BAR S FOODS,
BASIN GOLD,
BAXTER HEALTHCARE CORP,
BAYER HEALTHCARE LLC,
BELLISIO FOODS INC - OTR,
BEN E. KEITH COMPANY,
BEST BAY LOGISTICS,
BEST TRUCKING INC,
BETTAWAY TRAFFIC SYSTEMS,
BIMBO BAKEHOUSE LLC,
BJ'S WHOLESALE CLUB INC,
BLACK TOP INC,
BLAZER WILKINSON, LP,
BLUE GRACE GROUP,
BLUE RIBBON TRANSPORT,
BLUE TRITON,
BLUE TRITON BRANDS,
BLUE TRITON BRANDS -DED,
BMM LOGISTICS,
BMPI, INC,
BONDUELLE,
BR SPARTAN NASH DED,
BRILL INC - RISE BAKING,
BROOK & WHITTLE LTD,
BROWN PACKING CO,
BRX,
BURNING TOUING INC,
BUTTERBALL LLC,
Bogopa Enterprises inc,
Butterball,
CAPSTONE LOGISTICS GROUP,
CARGILL DEDICATED - AR,
CARGILL DEDICATED 1HTS,
CARGILL MEAT SOLUTIONS,
CARGILL TURKEY SOLUTIONS,
CASEY BROKERAGE, INC.,
CAT scale,
CH ROBINSON WORLDWIDE,
CHANNEL FISH COMPANY,
CHARTER NEXT GENERATION,
CHEAP TRICK TOURING, INC,
CHEMOURS,
CHEMOURS DEDICATED,
CHIPOTLE MEXICAN GRILL,
CHIQUITA BRANDS/DEDICATED,
CHIQUITA FRESH (BANANAS),
CITRUS SYSTEMS INC,
CITRUS WORLD INC,
CJ LOGISTICS,
CJ LOGISTICS- HIGH VALUE,
COAST TO COAST PRODUCE,
COCA-COLA,
COCA-COLA (DRY),
COCA-COLA COMPANY,
COCA-COLA INTRA-CAL,
COMMAND TRANSPORTATION,
CONAGRA FOODS,
COOL RUNNINGS LDT,
COSTCO WHOLESALE,
COUNTY LINE BROKERS,INC,
COVENANT TRANS SOLUTIONS,
COYOTE LOGISTICS,
COYOTE LOGISTICS - DED,
CREEKSTONE FARMS,
CREEKSTONE FARMS %DLX,
CREEKSTONE FARMS PREMIUM,
CREEKSTONE FARMS SPOT,
CRYSTAL FARMS RDC,
CS BEEF PACKERS,
CSTK Scranton,
CTW TRANSPORT INC.,
CW CARRIERS INC,
CWI Logisitics,
Cargill Beef,
Carrier Transicold,
Clark Beverage Group,
Cold Chain,
Cold Front Logistics,
Costco,
Costco Wholesale US,
DAISY BRAND,
DANONE NA - UBER,
DANONE NORTH AMERICA, LLC,
DANONE USA, LLC DEDICATED,
DEAN DAIRY HOLDINGS, LLC,
DEAN FREIGHT CARRIERS,
DEERE & COMPANY,
DELMONTE,
DEMKOTA RANCH BEEF,
DEMKOTA RANCH BEEF - OTR,
DEPLOY SOLUTIONS GROUP,
DOLE FRESH VEGETABLE,
DOLE FRESH VEGETABLES INC,
DOLLAR TREE BERWICK,
DOMINO FOODS INC.,
DOOVER PRODUCTIONS, LLC,
DORADA POULTRY LLC,
DOW CHEMICAL XPO,
DREAM TRANSPORT LLC,
DREISBACH COLD STORAGE,
DRISCOLL'S INC,
DRL TRANSPORT ENTERPRISES,
DSV DBA DESERTRANS LOG,
DUPRE LOGISTICS LLC,
Dakota Packing,
Danone,
EASTERN POULTRY DIST,
EATON/PENSKE,
ECHO GLOBAL LOGISTICS,
ED GIVEN INC,
EDGE LOGISTICS LLC,
ELEVATION CHURCH,
ELLE KING TOURING INC,
EMERGE,
ES3 TRANSPORTATION,
EVERSANA SOURCE ALLIANCE,
Enterprise,
FAIRLIFE, LLC,
FAIRLIFE, LLC DRY,
FAMILY DOLLAR,
FAREWAY,
FARMER BROTHERS CO,
FARMLAND FOODS,
FARMLAND FOODS (SHUTTLES),
FARMLAND FOODS DEDICATED,
FEDEX EXPRESS,
FEDEX GROUND,
FERRARA CANDY,
FLELD,
FLORIDA'S NATURAL GROWERS,
FOOD IN TRANSIT,
FOUNDATION CONSUMER,
FPL Foods,
FRESENIUS C/O TI PARCEL,
FRESH EXPRESS INC - OTR,
FRESH PET,
FRESHKIST PRODUCE LLC,
FREY FARMS,
FYFFES NA (TURBANA),
Farmer Bros Co.,
FedEx,
Fedex Cedar Rapids,
Florida's Natural,
Flying J Travel Center,
Frederic Grocery,
Fresenius Medical,
Fresh Express,
Freshpet,
G TO G TRANSPORTATION INC,
G.A. LOGISTICS,
GAMPAC EXPRESS INC,
GENERAL MILLS INC,
GENERAL MILLS, INC,
GENPRO INC,
GEORGE'S INC,
GEORGES INC,
GILBERT LOGISTICS,
GLOBALTRANZ,
GOLD STANDARD BAKING,
GREYLAWN BROKERAGE INC,
GROCERY OUTLET INC,
GT'S LIVING FOODS,
GT'S LIVING FOODS LLC,
GTS LIVING FOODS LLC,
HARRIS TEETER SUPERMARKET,
HERSHEY CREAMERY COMPANY,
HILTI TULSA NDC,
HILTI, INC,
HIRSCHBACH BILLABLE DH,
HIRSCHBACH MAINT TRL MOVE,
HIRSCHBACH MOTOR DED,
HIRSCHBACH MOTOR LINES,
HIRSCHBACH MOTOR SPT,
HIRSCHBACH TRANSPORTATION,
HIRSCHBACH TRL MOVES,
HML,
HML - Denton,
HML Terminal,
HORIZON ORGANIC DAIRY LLC,
HORMEL FOODS CORPORATION,
HOSTESS BRANDS,
HOT GIRL TOURING,
HOUSE OF RAEFORD FARMS,
HY-VEE, TOPCO(COOLER),
HYDE1,
HYLIFE FOODS WINDOM LLC,
HYLIFE FOODS WINDOM, DED,
Henry's Foods,
Hershey's Ice Cream,
Hillshire Farms and Kahns,
Hostess,
HyVee,
I-65,
IFS Industries,
INTEGRITY EXPRESS LOGISTI,
INTERSTATE AUTO CENTER,
IOWA PREMIUM BEEF DED,
Indy Yard,
J. MORRELL & COMPANY,
JASON ALDEAN,
JBS - PORK,
JBS BEEF DEDICATED,
JBS BEEF DEDICATED NE,
JBS PORK CARGILL,
JBS-BEEF,
JBS-PORK DEDICATED,
JCWD TOURING INC.,
JENNIE O FOODS,
JEREMY CAMP, LLC,
JOHN CHRISTNER TRUCKING,
JUAN FIESTA CORPORATION,
James Andrus Transportation,
Joey D's Frozen Foods,
Joliet Terminal,
KEHE DISTRIBUTORS, LLC,
KEMP TRANSPORT,
KINEXO,
KINEXO - REEFER,
KING'S HAWAIIAN BAKERY W,
KINGS HAWAIIAN BAKERY W,
KOCH FOODS DEDICATED,
KOCH FOODS OF PINE MOUNTA,
KOCH POULTRY,
KRAFT FOODS - TEAC (BILL),
KRAFT HEINZ COMPANY,
KRAFT HEINZ NA DEDICATED,
KRAFT HEINZ NA OTR,
KROGER - I-TRADE,
KROGER - PENSKE,
KROGER -ONENETWORK RETAIL,
Keith Miller <kmiller@gullyicx.com>,
King Soopers,
Koch Foods,
KraftHeinz,
Kroger,
L'eft Bank Wine,
LACTALIS AMERICAN GRP DED,
LACTALIS AMERICAN GRP OTR,
LAMB WESTON,
LANDMARK FOODS,
LDW ENTERTAINMENT, LLC,
LEPRINO FOODS,
LEPRINO FOODS COMPANY,
LIDL DEDICATED,
LIDL DEDICATED NC,
LINCOLN PREMIUM POULTRY,
LINDT & SPRUNGLI,
LINDT & SPRUNGLI(NA) INC,
LINEAGE TRANS DED,
LINEAGE TRANS-SPOT,
LINEAGE TRANSPORTATION,
LINEAGE TRANSPORTATION LL,
LINEAGE TRANSPORTATION UP,
LISH THIS INC.,
LOAD DELIVERED LOGISTICS,
LOADSMART INC,
LONG HAUL TOURING LLC,
Lactalis,
Liberty Towing and Recovery,
Lidl,
Linage,
Lineage,
Lineage Logistics,
Lineage Logistics - LNGGSS,
Love's,
Love's Travel Stop,
Loves,
Lyons/Hasak,
MARK ANTHONY BRANDS,
MARKET BASKET PRODUCE,
MARS CHOCOLATE NA LLC,
MARS WRIGLEY CONFECTIONER,
MCCAIN FOODS USA,
MCLANE SW,
MEDEGEN MEDICAL PRODUCTS,
MEGACORP LOGISTICS,
MEIJER DISTRIBUTION,
MICHELIN NORTH AMERICA,
MIDWEST FOODSERVICE,
MILLERCOORS,
MIZKAN - GEODIS LOGISTICS,
MOLO SOLUTIONS,
MONDELEZ GLOBAL LLC,
MONDELEZ INTERNATIONAL,
MOUNTAIRE FARMS DEDICATED,
MOUNTAIRE FARMS NC,
MOUNTAIRE FARMS OF DE,
MOUNTAIRE FARMS OF DELAWA,
Martin-Brower,
Maverik,
McLane,
Merced County Mosquito,
Modesto Food - MFHA2,
Mondalez,
Mondelez Chicago Plant,
Mondelez Global,
Mt Airy Drop Lot,
NARDELLI BROS INC,
NATIONAL BEEF PACKING CO,
NATIONWIDE TRANS & WHRSE,
NATURIPE FARMS,
NESTLE PIZZA DEDICATED,
NESTLE USA INC (NUSA),
NESTLE WATER MID-ATLANTIC,
NESTLE WATERS IN,
NESTLE WATERS MAINE,
NESTLE WATERS MIDWEST DED,
NFI INTERACTIVE,
NIAGARA ATLANTA DED,
NIAGARA HOUSTON DED,
NIMAN RANCH INC,
NUNES COMPANY INC,
Nardelli Bros,
National Beef,
Nestle/Ice Mountain Spring,
OLYMPIA TRANSPORTATION,
ON A ROLL TRUCKING INC,
OPEN ROAD TRANSPORTATION,
ORGANIC GIRL,
ORGANIC LOGISTICS,
OTR TRANSPORTATION,
OTR TRANSPORTATION DED,
OWENS ILLINOIS- OI SPOT,
PABST BREWING COMPANY LLC,
PACIFIC INTL MARKETING,
PACKERS CHEMICAL DED,
PB Leiner USA,
PEPSI LOGISTICS COMPANY,
PERDUE DEDICATED,
PERDUE DEDICATED LEESPORT,
PERDUE HOLIDAY DEDICATED,
PERDUE TRANSP INC,
PERDUE TRANSP, INC DED,
PERDUE TRANSP, INC.,
PERDUE TRANSPORTATION INC,
PFG - E2OPEN,
PFG - RETALIX,
PILGRIM CONSOLIDATORS *,
PILGRIM'S PRIDE CORP,
PILGRIMS PRIDE CORP,
PILGRIMS PRIDE CORP DED,
PILGRIMS PRIDE CORP(BILL),
PINE RIDGE / RUAN DED,
PINNACLE FOODS GROUP,
PLAID PAISLEY,
POM Wonderful,
POWER FREIGHT SERVICES,
PREFERRED BEEF GROUP,
PREMIER PRODUCTIONS,
PRESTAGE FARMS DEDICATED,
PRINCE AGRI PRODUCTS, INC,
PURSUIT LOGISTICS, INC.,
PV TRANSPORT INC,
Paul lubold,
Perdue,
Perdue Farms, Inc,
Pilot Travel Center,
Pilot Travel Centers,
QUEST TRANSPORTATION SVCS,
RAM TRANSPORTATION SVCS,
RAYCO TRANSPORTATION, INC,
RBDC Omaha,
READY PAC FOODS INC,
REAL GOOD FOODS LLC,
RED BULL - GEODIS,
RED BULL NORTH AMERICA,
REDWOOD MULTIMODAL,
REFRIGERATED INTERMODAL,
RFX LLC,
RICH PRODUCTS, INC.,
RICHELIEU FOODS,
RICHELIEU FOODS DED,
ROAR LOGISTICS DEDICATED,
ROCK-IT CARGO USA, LLC,
ROSE PACKING COMPANY,
ROUSSELOT,
ROW CROP,
RUAN TRANSPORT CORP,
RUIZ FOOD PRODUCTS,
RWH LOGISTICS,
RWI TRANSPORTATION,
RXO,
Red Bull,
Rest Depot,
Restaurant Depot #43,
Royal Truck & Utility Trailer,
SABRA DIPPING CO.,
SANDERSON FARMS,
SANDERSON FARMS INC.,
SAPPI FINE PAPER,
SAPUTO CHEESE USA INC,
SAPUTO DAIRY FOODS USA,
SAPUTO DAIRY USA,
SARA LEE FROZEN BAKERY,
SARGENTO CHEESE INC.,
SCHMIEDING PRODUCE,
SEABOARD CORPORATION,
SEABOARD FOODS LLC,
SEAL TRANSPORTATION,
SHAW INDUSTRIES GROUP INC,
SIMMONS ANIMAL NUTRITION,
SIMMONS FOODS & AFFL,
SIMMONS PREPARED FOODS,
SIMPLY ESSENTIALS - TEST,
SKYLINE LOGISTICS, LLC,
SMITHFIELD,
SMITHFIELD DED MISC,
SMITHFIELD DEDICATED,
SMITHFIELD FARMLAND,
SMITHFIELD FOODS,
SMITHFIELD FRT PAYMENT,
SMITHFIELD MIDWEST DED,
SMITHFIELD MIDWEST DEDICA,
SMITHFIELD SPT SHUTTLE,
SMUCKER COMPANY JM,
SOUDERTON PLANT,
SOUTHERN GLAZERS,
SOUTHLAND BROKERAGE CO.,
SPARKYS TRANSPORTATION,
SPARTAN NASH SEVERN,
SPINNING WHEELS EXPRESS,
SPROUTS FARMERS MARKET,
STARBUCKS CORPORATION,
STONEARCH LOGISTICS LLC,
SUGAR CREEK DED,
SUGAR CREEK PACKING CO,
SUN OPTA,
SWIFT & COMPANY,
SYSCO CORPORATION,
SYSCO CORPORATION(BILL TO,
Sam's Club,
Smithfield (John Morr Plant 1232),
Smithfield Culinary of Cudahy,
Smucker Company,
Smuckers,
Stahl Meyer Foods,
Supervalu,
Sysco,
T MARZETTI COMPANY,
T. MARZETTI COMPANY,
TA,
TA Express Biggs Junction,
TA Travel Center,
TAKEDA,
TARGET AP VENDOR PAYMENT,
TAYLOR FARMS - CA,
TAYLOR FARMS MEXICO,
TAYLOR FARMS RETAIL INC,
TAYLOR RETAIL INC,
THE GOOD SHIP INC,
THE HERSHEY COMPANY,
TIP TOP POULTRY,
TIP TOP POULTRY MARIETTA,
TOOTSIE ROLL/LDS INC REF,
TOTAL QUALITY LOGISTICS,
TRAFFIC FREIGHT SERVICES,
TRAFFIC TECH INC,
TRANSPORTATION ONE,
TRI-MEATS INC,
TRICONT LOGISTICS,
TRIDENT TRANSPORT,
TRINIDAD BENHAM CORP,
TRINITY LOGISTICS - DED,
TRINITY ROAD, INC DBA US,
TROPICANA (PEPSICO),
TROPICANA BRANDS GROUP,
TRUCK CHOICING LLC,
TUESDAY MORNING DEDICATED,
TYSON (KEYSTONE FOODS),
TYSON FOODS,
TYSON FOODS INC.,
TYSON FRESH MEATS,
TYSON REGIONAL,
TYSON REGIONAL DEDICATED,
Taylor Farms Tennessee INC,
Team DriveAway,
Tractor Supply Co,
Transteck,
Tyson,
Tyson Case Ready -- CRGO,
Tyson Distribution Center,
UBER FREIGHT,
UBER FREIGHT LLC,
UBER FREIGHT POWERLOOP,
UNILEVER NASCC,
UPS - HELLO FRESH,
US COLD STORAGE,
US FOODS Denver,
US FOODS, INC.,
US WINE TRANSPORT,
US foods,
UTI TRANSPORT SOLUTIONS,
VANTIX LOGISTICS,
VICTORY WHOLESALE GROUP,
VITAL FARMS, INC,
VP LOGISTICS,
Viejas Casino,
Voss Distributin,
W.W. Williams,
WAL-MART DC #6068,
WAL-MART HOME OFFICE,
WALMART,
WALMART #6074,
WALMART CONKLIN,
WALMART STORES (BILLING),
WALMART STORES-DRY,
WALMART STORES-PRODUCE,
WALMART, INC,
WAYNE FARMS,
WAYNE-SANDERSON FARMS,
WEST PAK AVOCADO, INC.,
WHOLESTONE - SPOT,
WHOLESTONE FARMS II LLC,
WINONA FOODS,
WIRED PRODUCTION GROUP,
WYLIE WILSON TRUCKING,
Wal-MArt DC,
Walmart - DC 3010,
Walmart - DC 7015,
Walmart DC,
Walmart DC #7016,
Walmart Distribution Warehouse Center,
Walmart NP NE,
Walmart, Inc.,
Waste Management,
Whirlpool Corp,
Wolverine,
World Wide Stages,
pilot"
"250,196,062",PRD,Aggregated data of claims on Claim Number level,CLAIMS_SUMMARY,Data Source,varchar(255),,,"System or source where the claim data originated (e.g., ""Riskonnect"")",2,"Riskonnect, AS400",,,No,"AS400,
Riskonnect"
"250,196,062",PRD,Aggregated data of claims on Claim Number level,CLAIMS_SUMMARY,DaysFromOccurrence,int,,,Number of days between the incident occurrence and reporting,"7,392","2135, 2047, 2086",1,9818,No,
"250,196,062",PRD,Aggregated data of claims on Claim Number level,CLAIMS_SUMMARY,Delete Flag,bit,,,Binary flag indicating if the record is marked for deletion,1,0,0,0,No,
"250,196,062",PRD,Aggregated data of claims on Claim Number level,CLAIMS_SUMMARY,DOT Reportable Flag,bit,,,Binary flag indicating if the incident is reportable to Department of Transportation,2,"0, 1",0,1,No,
"250,196,062",PRD,Aggregated data of claims on Claim Number level,CLAIMS_SUMMARY,DOT Reportable Y/N,varchar(1),,,Y/N indicator for DOT reportability,2,"N, Y",,,No,"N,
Y"
"250,196,062",PRD,Aggregated data of claims on Claim Number level,CLAIMS_SUMMARY,Driver Accountable,bit,,,Binary flag indicating if the driver is held accountable for the incident,2,"0, 1",0,1,No,
"250,196,062",PRD,Aggregated data of claims on Claim Number level,CLAIMS_SUMMARY,Driver Code,nvarchar(1300),,,Unique identifier code for the driver,"15,633","MEEP4, LICM1",,,No,
"250,196,062",PRD,Aggregated data of claims on Claim Number level,CLAIMS_SUMMARY,Driver Division,nvarchar(255),,,Division or department the driver belongs to,110,"EOR, SPT",,,No,"1,
6,
AF,
AJI,
AMC,
ASH,
AWG,
AWS,
BB,
BEF,
BRK,
CAR,
CHM,
COY,
CRS,
CST,
D50,
DED,
DEM,
DTB,
DUE,
EBY,
ECO,
EOR,
EV,
EXP,
EXT,
FAM,
FD,
GIL,
HAN,
HOR,
IND,
IPB,
JBS,
KBI,
KEY,
KMN,
KOC,
LAC,
LAM,
LBP,
LCS,
LEE,
LES,
LID,
LIN,
LMD,
LNC,
LOC,
LOG,
LUP,
LVA,
LXC,
LXG,
LXP,
MEL,
MIG,
MOU,
MR,
MWR,
NEC,
NER,
NEW,
NPD,
NW1,
NW2,
OPU,
OVR,
P3,
PAC,
PEC,
PER,
PGA,
POP,
PPD,
PPP,
PRE,
RAE,
RDY,
RED,
RIC,
RZF,
SIM,
SMW,
SN,
SNE,
SNO,
SPT,
SRT,
STL,
TAR,
TD,
TES,
TLR,
TNC,
TNK,
TNY,
TPO,
TR,
TST,
TUE,
TY1,
TYS,
WAL,
WBD,
WC,
WCR,
WOR"
"250,196,062",PRD,Aggregated data of claims on Claim Number level,CLAIMS_SUMMARY,Driver Longevity Date,datetime2,,,Date indicating how long the driver has been employed,"3,432","2018-09-07 00:00:00.0000000, 2007-04-16 00:00:00.0000000",00:00.0,00:00.0,No,
"250,196,062",PRD,Aggregated data of claims on Claim Number level,CLAIMS_SUMMARY,Driver Manager,nvarchar(255),,,Manager responsible for the driver,450,"OPEN  , N2MHML",,,No,"$TREPA,
A15HML,
A1HHML,
A1KHML,
A1LHML,
A1MHML,
A1NHML,
A1PHML,
A1RHML,
A2BHML,
A2MHML,
A2VHML,
A3BHML,
A3SHML,
A4HHML,
A6AHML,
A7SHML,
AAAHML,
AAPHML,
ABNHML,
ACRHML,
AJHHML,
AJKHML,
AJSHML,
ALBHML,
ALKHML,
ALVA,
AMLHML,
AMPHML,
AOFHML,
APSHML,
ATUHML,
AWGSC,
B11HML,
B1BHML,
B1HHML,
B1THML,
B1WHML,
B2FHML,
B2WHML,
B3LHML,
B3SHML,
B3THML,
B5CHML,
B5DHML,
B5SHML,
B6DHML,
B7DHML,
B7MHML,
B7SHML,
B8SHML,
BALHML,
BLNSCH,
BMBHML,
BMKHML,
BMPHML,
BMWHML,
BNNHML,
BREH,
BRHHML,
BROG,
BUNJ,
BURR,
C1HHML,
C1PHML,
C1WHML,
C2HHML,
C2KHML,
C2PHML,
C3WHML,
C4HHML,
C4LHML,
C4RHML,
C5MHML,
C5WHML,
C6RHML,
C9SHML,
CABSCH,
CAHHML,
CAMB,
CJWHML,
CKAHML,
CMHHML,
CMSHML,
CONK,
COWT,
CPGHML,
CRIT,
CSSHML,
CWBHML,
D1DHML,
D1EHML,
D1OHML,
D1SHML,
D1WHML,
D2BHML,
D2CHML,
D2SHML,
D3DHML,
D3KHML,
D3LHML,
D4CHML,
D4HHML,
D4SHML,
D4THML,
D5THML,
D6DHML,
D6LHML,
D7LHML,
D7SHML,
DALB,
DAVB,
DEMKTA,
DGSHML,
DLEHML,
DMTHML,
DOSHML,
DRBHML,
DRHHML,
DRSHML,
DSD,
DSPO,
DTKGRO,
DUNR,
DWMHML,
E1EHML,
E2HHML,
E5MHML,
EADD,
EASTCO,
ECRHML,
EGSHML,
EJSHML,
ELKG,
ESDHML,
EXPE1,
EXPE2,
EXPE3,
FAM$IN,
FRDHML,
G2BHML,
G2DHML,
G4BHML,
GCSCH,
GLHHML,
GOVERN,
H1BHML,
H1DHML,
H1JHML,
HARU,
HDMHML,
HDSHML,
HEFZ,
HENR,
HLBHML,
HMHHML,
HMRHML,
HONW,
HRSHML,
HYLIFE,
HYVHML,
J11HML,
J16HML,
J1BHML,
J1CHML,
J1HHML,
J1NHML,
J1YHML,
J2AHML,
J2FHML,
J2HHML,
J2NHML,
J2SHML,
J2THML,
J2VHML,
J2WHML,
J3CHML,
J3DHML,
J3HHML,
J3MHML,
J3THML,
J4LHML,
J5HHML,
J5JHML,
J5KHML,
J5MHML,
J5SHML,
J7MHML,
J8BHML,
J8SHML,
JARHML,
JASHML,
JBBEEF,
JDGSCH,
JDSHML,
JDWHML,
JGWHML,
JJRHML,
JLJHML,
JMLHML,
JMRHML,
JMSHML,
JNASTY,
JOMHML,
JONJ,
JPCHML,
JPHHML,
JRNHML,
JRSHML,
JSLHML,
JSTHML,
JTKHML,
JWVHML,
K1BHML,
K1KHML,
K1RHML,
K1SHML,
K1THML,
K2JHML,
K2LHML,
K2RHML,
K3LHML,
K4SHML,
K5DHML,
KAEHML,
KAKHML,
KBMHML,
KCGHML,
KFC,
KFNHML,
KFOODS,
KJBHML,
KJCHML,
KJFHML,
KJRHML,
KKAHML,
KLRHML,
KMCHML,
KOCHAL,
KRAHML,
KRCHML,
KTKAS,
L1SHML,
L2RHML,
L3FHML,
L4SHML,
LACDED,
LAMB,
LAYLOW,
LCBHML,
LIDL,
LIGT,
LJCHML,
LJMHML,
LMBHML,
LMCHML,
LMTHML,
LNMHML,
LOCAL,
LOUD,
LRMHML,
LTTHML,
M1KHML,
M1NHML,
M1WHML,
M2BHML,
M2HHML,
M2KHML,
M2LHML,
M2MHML,
M3BHML,
M3SHML,
M8MHML,
M9MHML,
MACHML,
MADM,
MCBHML,
MCGM,
ME2HML,
MEEB,
MEEHML,
MEHSCH,
MESVP,
MJCHML,
MJTHML,
MLDHML,
MMBVP,
MMSDS,
MMSHML,
MONMOU,
MPDHML,
MRHHML,
MSLHML,
MSSHML,
MTGHML,
MWEHML,
MWTEAM,
N1RHML,
N1SHML,
N1THML,
N1WHML,
N2FHML,
N2MHML,
N2SHML,
N2WHML,
N3GHML,
NDNHML,
NJMHML,
NMSHML,
NODM,
NRKHML,
NWPHML,
O1LHML,
OPEN,
OUT,
P1HHML,
P1LHML,
P1NHML,
P2VHML,
PACKER,
PER3,
PERTEA,
PLLHML,
PLSHLD,
POONCT,
POPUP,
POWERT,
R1HHML,
R1JHML,
R1RHML,
R1SHML,
R2DHML,
R3BHML,
R3CHML,
R4WHML,
R6BHML,
R7SHML,
R8HHML,
REHHML,
RICC,
RJGHML,
RLHHML,
RLMJ,
RLRHML,
RMSHML,
RNGHML,
RRBHML,
RRMHML,
RWGHML,
S11HML,
S1AHML,
S1EHML,
S1GHML,
S1HHML,
S1LHML,
S1MHML,
S1SHML,
S1WHML,
S2BHML,
S2CHML,
S2JHML,
S2SHML,
S3CHML,
S3SHML,
S4DHML,
S4MHML,
S4RHML,
S5BHML,
S5RHML,
S5SHML,
S8BHML,
S8MHML,
S9MHML,
SALK,
SAVP,
SAWHML,
SCSHML,
SCWHML,
SDSHML,
SGVHML,
SHEHML,
SJNHML,
SLBHML,
SLMHML,
SMID,
SMITH1,
SMITH2,
SMITH3,
SMOR,
SMWHML,
SOUTHW,
SPOT,
STEB,
STUK,
SURGE,
T1CHML,
T1FHML,
T1JHML,
T1KHML,
T1LHML,
T1RHML,
T2CHML,
T2DHML,
T2GHML,
T2WHML,
T3CHML,
T3FHML,
T4LHML,
T4WHML,
T5CHML,
T6BHML,
T6HHML,
T7HHML,
T9BHML,
TANKER,
TARGET,
TARNC,
TARSC,
TAYH,
TDBHML,
TDCHML,
TEXASW,
TJFHML,
TJHHML,
TKMHML,
TLPHML,
TLSHML,
TMHHML,
TMORN,
TRED,
TYSON,
V1CHML,
V1NHML,
VPVP,
W1HHML,
W2HHML,
WAJHML,
WALBD,
WALBD2,
WALLYW,
WALNY,
WALSV,
WALTX,
WATEME,
WATER2,
WATERJ,
WDMHML,
WHET,
Z1HHML"
"250,196,062",PRD,Aggregated data of claims on Claim Number level,CLAIMS_SUMMARY,Driver Manager Email,nvarchar(255),,,Email address of the driver's manager,255,"it.jane@hirschbach.com                                                                                                                                                                                                                                         , ",,,No,"Alexander.Williams@hirschbach.com,
Bobby.Duncan@hirschbach.com,
Bradley.Davis@hirschbach.com,
Brian.Stewart@hirschbach.com,
Cecil.Watts@hirschbach.com,
Dale.Smith@hirschbach.com,
Darrick.Eades@hirschbach.com,
David.Tredwell@hirschbach.com,
Janae.Smith@hirschbach.com,
Josh.Muskrat@hirschbach.com,
Kevin.Stufflebeam@hirschbach.com,
Kyle.Thomas@hirschbach.com,
Michael.McGee@hirschbach.com,
Molly.Maddox@hirschbach.com,
Ramie.Burkett@hirschbach.com,
Regina.Henson@hirschbach.com,
Russell.Harlow@hirschbach.com,
Ryan.Smoot@hirschbach.com,
Tamara.Cristy@hirschbach.com,
Tasmine.Wheat@hirschbach.com,
Trevor.Lightfoot@hirschbach.com,
Wyatt.Honsinger@hirschbach.com,
Zane.Heflin@hirschbach.com,
adam.hamberlin@hirschbach.com,
adam.helmle@hirschbach.com,
alana.siefker@hirschbach.com,
alex.minor@hirschbach.com,
ali.newsom@hirschbach.com,
allen.berger@hirschbach.com,
alton.klick@hirschbach.com,
alyssa.koch@hirschbach.com,
amber.ludovissy@hirschbach.com,
amy.becker@hirschbach.com,
amye.alvarez@hirschbach.com,
andrew.prowse@hirschbach.com,
andrew.slaght@hirschbach.com,
andy.peter@hirschbach.com,
annette.haynes@hirschbach.com,
annette.rowan@hirschbach.com,
annie.rohde@hirschbach.com,
anthony.ford@hirschbach.com,
anthony.volante@hirschbach.com,
ashley.alexander@hirschbach.com,
barret.stintzi@hirschbach.com,
bethany.turnmire@hirschbach.com,
betty.smoot@hirschbach.com,
bonnie.brooks@hirschbach.com,
braxton.forbes@hirschbach.com,
brenda.waite@hirschbach.com,
brenden.west@hirschbach.com,
brent.campbell@hirschbach.com,
brian.furlong@hirschbach.com,
brian.hammond@hirschbach.com,
brian.kelleher@hirschbach.com,
brian.lapage@hirschbach.com,
brian.sears@hirschbach.com,
brian.theisen@hirschbach.com,
brianna.bronell@hirschbach.com,
bryan.benson@hirschbach.com,
cadlee.hardy@hirschbach.com,
carol.wing@hirschbach.com,
casey.wright@hirschbach.com,
celeste.aurand@hirschbach.com,
chad.larson@hirschbach.com,
chad.poole@hirschbach.com,
chris.hutton@hirschbach.com,
chris.schmitt@hirschbach.com,
christopher.poon@hirschbach.com,
christopher.smith@hirschbach.com,
conner.herkelman@hirschbach.com,
crystal.richards@hirschbach.com,
cynthia.mims@hirschbach.com,
damon.belcher@hirschbach.com,
damon.derby@hirschbach.com,
dan.seymour@hirschbach.com,
dan.trudell@hirschbach.com,
dani.simmons@hirschbach.com,
dani.wright@hirschbach.com,
daniel.linsenmeyer@hirschbach.com,
daniel.schaefer@hirschbach.com,
daniel.schueller@hirschbach.com,
darin.boatman@hirschbach.com,
darnell.meekins@hirschbach.com,
david.lobdell@hirschbach.com,
david.lorton@hirschbach.com,
david.shook@hirschbach.com,
dawna.dietzel@hirschbach.com,
dayana.carbo@hirschbach.com,
deanna.nehmer@hirschbach.com,
duane.humes@hirschbach.com,
dustin.trotter@hirschbach.com,
emiley.hansen@hirschbach.com,
eric.ewing@hirschbach.com,
erica.polizzi@hirschbach.com,
erin.smith@hirschbach.com,
eugene.moore@hirschbach.com,
frankie.defilippo@hirschbach.com,
gary.bonelli@hirschbach.com,
greg.czech@hirschbach.com,
greg.dorvee@hirschbach.com,
gus.hilkin@hirschbach.com,
heather.brothers@hirschbach.com,
heather.hubbard@hirschbach.com,
heather.reed@hirschbach.com,
heather.stricklen@hirschbach.com,
holly.dangler@hirschbach.com,
it.jane@hirschbach.com,
j.r.shirley@hirschbach.com,
jalyn.mccain@hirschbach.com,
james.rubright@hirschbach.com,
james.sisniegas@hirschbach.com,
james.stepp@hirschbach.com,
janelle.hayes@hirschbach.com,
janie.loudermilk@hirschbach.com,
jarvis.thomas@hirschbach.com,
jason.morales@hirschbach.com,
jason.weber@hirschbach.com,
jenna.smith@hirschbach.com,
jenna.wold@hirschbach.com,
jennifer.cooper@hirschbach.com,
jenny.skogen@hirschbach.com,
jeremy.flanders@hirschbach.com,
jeremy.shireman@hirschbach.com,
jerry.mcpherson@hirschbach.com,
jessica.jaeger@hirschbach.com,
joe.adams@hirschbach.com,
john.conlon@hirschbach.com,
john.hessler@hirschbach.com,
john.kalb@hirschbach.com,
john.vesey@hirschbach.com,
johnathan.bacon@hirschbach.com,
joseph.yamasta@hirschbach.com,
josh.delaney@hirschbach.com,
joshua.determan@hirschbach.com,
justin.newhouse@hirschbach.com,
justine.valentine@hirschbach.com,
kailee.saeugling@hirschbach.com,
kasey.crow@hirschbach.com,
katarina.davison@hirschbach.com,
kate.lisk@hirschbach.com,
katie.erner@hirschbach.com,
katie.healey@hirschbach.com,
katie.kelly@hirschbach.com,
katrina.burlage@hirschbach.com,
kelly.sweet@hirschbach.com,
kelsey.rusk@hirschbach.com,
kevin.friessen@hirschbach.com,
kevin.jansen@hirschbach.com,
kimberly.arling@hirschbach.com,
kyle.alexander@hirschbach.com,
kyle.nehmer@hirschbach.com,
kyle.ross@hirschbach.com,
lacey.curry@hirschbach.com,
lance.beckstrom@hirschbach.com,
linda.stevens@hirschbach.com,
lindsey.standorf@hirschbach.com,
litza.ritter@hirschbach.com,
liz.frommelt@hirschbach.com,
lori.merfeld@hirschbach.com,
lottery.mays@hirschbach.com,
mackenzie.beneventi@hirschbach.com,
manuel.mier@hirschbach.com,
marc.bolton@hirschbach.com,
marc.stewart@hirschbach.com,
marjorie.henkels@hirschbach.com,
mark.ketterling@hirschbach.com,
mark.long@hirschbach.com,
matt.greene@hirschbach.com,
matthew.louis@hirschbach.com,
maxine.hinkle@hirschbach.com,
michael.norris@hirschbach.com,
michael.smith@hirschbach.com,
mike.drapeau@hirschbach.com,
mitch.trotman@hirschbach.com,
morgan.esser@hirschbach.com,
morgan.myer@hirschbach.com,
nancy.ahrens@hirschbach.com,
nathan.kratz@hirschbach.com,
nathan.salzmann@hirschbach.com,
nathan.wacker@hirschbach.com,
nicholas.flesch@hirschbach.com,
nicholas.gimple@hirschbach.com,
nicholas.petersen@hirschbach.com,
nick.tuttle@hirschbach.com,
nicole.wernke@hirschbach.com,
nikki.mook@hirschbach.com,
nobody@hirschbach.com,
oscar.leyva@hirschbach.com,
pader.vue@hirschbach.com,
patrick.leitzen@hirschbach.com,
paulo.nazarro@hirschbach.com,
penny.lehman@hirschbach.com,
peyton.hoyer@hirschbach.com,
rachael.puzan@hirschbach.com,
reid.janovitz@hirschbach.com,
renee.mckinnie@hirschbach.com,
robert.briscoe@hirschbach.com,
robert.clark@hirschbach.com,
ronald.hammel@hirschbach.com,
russ.revoir@hirschbach.com,
ryan.dicks@hirschbach.com,
ryan.hosier@hirschbach.com,
ryan.schnier@hirschbach.com,
ryan.spurling@hirschbach.com,
sam.bates@hirschbach.com,
sam.davis@hirschbach.com,
sam.spurling@hirschbach.com,
samantha.nodolf@hirschbach.com,
samara.bilich@hirschbach.com,
sara.addink@hirschbach.com,
sara.weltz@hirschbach.com,
scott.sindlinger@hirschbach.com,
scott.wills@hirschbach.com,
sean.moser@hirschbach.com,
sedrick.bradley@hirschbach.com,
sergey.agibalov@hirschbach.com,
shane.johnson@hirschbach.com,
shelly.wienen@hirschbach.com,
smoe@johnchristner.com,
stacey.muir@hirschbach.com,
stephanie.cecere@hirschbach.com,
steve.lamprecht@hirschbach.com,
steven.efken@hirschbach.com,
steven.walter@hirschbach.com,
stuart.moser@hirschbach.com,
support@hirschbach.com,
sydni.martin@hirschbach.com,
tammy.garcia@hirschbach.com,
tammy.wright@hirschbach.com,
tanmay.gupta@hirschbach.com,
tanner.floyd@hirschbach.com,
tate.john@hirschbach.com,
teri.bisdorf@hirschbach.com,
thomas.heath@hirschbach.com,
tiffany.barnett@hirschbach.com,
tiffany.hernandez@hirschbach.com,
tim.douglas@hirschbach.com,
tim.ford@hirschbach.com,
tj.houselog@hirschbach.com,
todd.candor@hirschbach.com,
tony.krapfl@hirschbach.com,
tracy.cranor@hirschbach.com,
tracy.harry@hirschbach.com,
trever.colpetzer@hirschbach.com,
tricia.smith@hirschbach.com,
trisha.parr@hirschbach.com,
ty.russell@hirschbach.com,
vaughn.coles@hirschbach.com,
vittoria.naccarato@hirschbach.com,
vlad.pchelka@hirschbach.com,
wendy.johnson@hirschbach.com,
william.henson@hirschbach.com,
wrigley.marquith@hirschbach.com,
zach.thoms@hirschbach.com"
"250,196,062",PRD,Aggregated data of claims on Claim Number level,CLAIMS_SUMMARY,Driver Manager Name,nvarchar(255),,,Full name of the driver's manager,349,"Nicole  Mook, John T Kalb",,,No,"09-2024 Molly Maddox,
2024-02 Samara A. Bilich,
2025 - 02 Christopher Siew Yang  Poon,
Adam Hamberlin,
Adam Helmle,
Adam Underwood,
Alana  Siefker,
Alex Minor,
Alexander Williams,
Alexandria Newsom,
Ali Newsom,
Allen  Berger,
Alton  Klick,
Alyssa N Koch,
Amber Lange,
Amy Becker,
Andrea Mohr,
Andrew Boom,
Andrew M Peter,
Andrew P Slaght,
Andrew Prowse,
Andrew Sawvell,
Andrew Schmidt,
Andy Lopez,
Annette Haynes,
Annette Rowan,
Annie Rohde,
Anthony  Krapfl,
Anthony Ford,
Anthony Volante,
Ashley A Alexander,
Barret Stintzi,
Ben Hunt,
Bethany Turnmire,
Betty Smoot,
Bobby Duncan,
Bonnie D. Brooks,
Bradley Davis,
Brandon Meeks,
Braxton Forbes,
Brenda Waite,
Brenden West,
Brent Campbell,
Brian Furlong,
Brian Hammond,
Brian LaPage,
Brian Love,
Brian Michael Kelleher,
Brian Stewart,
Brian T Sears,
Brian Theisen,
Brianna M Bronell,
Bryan Benson,
Bryan Westrom,
Cadlee M Hardy,
Carol Wing,
Casey  Wright,
Cecil Watts,
Celeste Aurand,
Chad  Poole,
Chad Larson,
Charles Hubbard,
Charles Richard,
Charlie Beckman,
Chris ""GUS"" Hilkin,
Chris Hutton,
Chris M Schmitt,
Christopher Smith,
Conner Herkelman,
Crystal Richards,
Cynthia Mims,
Dale Smith,
Damon Belcher,
Damon Derby,
Dan Seymour,
Dan Trudell,
Danette  Wright,
Daniel J Schueller,
Daniel Linsenmeyer,
Daniel Schaefer,
Dannon  Simmons,
Darin Darr,
Darnell Meekins,
David Gary Shook,
David Lobdell,
David Lorton,
David Oster,
David Tredwell,
Dawna Lois Dietzel,
Dayana Carbo,
Deanna Nehmer,
Destiny Carpenter,
Diane Kaufman,
Duane Humes,
Dustin Trotter,
Elliot Shaw,
Emiley Hansen,
Eric Davis,
Eric Ewing,
Erica Polizzi,
Erin Gallbraith-Smith,
Eugene Moore,
Frankie DeFilippo,
Gary Bonelli,
Glen Henderson,
Greg Czech,
Greg Dorvee,
HEATHER BROTHERS,
HYVHML Mobilecom Profile,
Heather  Hubbard,
Heather Mae Reed,
Heather Stricklen,
Henry Bresyn,
Holly Dangler,
Jacob Miller,
Jake Howell,
James Boatman,
James Rubright,
James Sisniegas,
James Stepp,
Janae Smith,
Janelle Renee Hayes,
Janie Loudermilk,
Jarvis  Thomas,
Jasmine Thomas,
Jason D Weber,
Jason Morales,
Jason Neis,
Javada Walker,
Jaylyn McCain,
Jenna  Wold,
Jenna Cook,
Jenna M. Smith,
Jennifer  Cooper,
Jenny Skogen,
Jeremy Flanders,
Jeremy Shireman,
Jermail Norwood,
Jerry McPherson,
Jessica Jaeger,
Jessica Labee,
Joe Adams,
John  Conlon,
John Hessler,
John T Kalb,
John Vesey,
Johnathan Bacon,
Jon Marks,
Jordan Hoftender,
Joseph Robinson,
Joseph Yamasta,
Josh Determan,
Josh Muskrat,
Josh Richter,
Joshua D Delaney,
Julian Strobel,
Justin Kelsch,
Justin Newhouse,
Justin Ross Shirley,
Justine Valentine,
K1BHML,
KTKAS,
Kara Gatena,
Kasey Rae Crow,
Katarina Davison,
Katharine J Healey,
Kathryn M Lisk,
Kathy Clancy,
Katie  Erner,
Katie Kelly,
Katie Krasnodemski,
Katrina  Burlage,
Kelly L Sweet,
Kelsey Ann Rusk,
Kevin  Friessen,
Kevin Jansen,
Kimberly Arling,
Kyle  Alexander,
Kyle F. Nehmer,
Kyle James Ross,
Kyle Thomas,
LOCAL,
Lacey M Curry,
Lance Beckstrom,
Lehi Tonga,
Linda Stevens,
Lindsey Standorf,
Lisa Breen,
Litza Ritter,
Liz Frommelt,
Lori J Merfeld,
Lottery R Mays,
Lynn McGinnis,
MONMOU,
MWEHML,
Mackenzie Beneventi,
Mackenzie Wernimont,
Manuel Mier,
Marc Bolton,
Marc Stewart,
Marcy Hughes,
Marjorie Elaine Henkels,
Mark Ketterling,
Mark S. Long,
Matt T. Greene,
Matthew Louis,
Maxine Hinkle,
Melissa Stochl,
Michael M. Smith,
Michael Norris,
Michael Patrick Drapeau,
Michelle  Wienen,
Mitch Kemp,
Mitch Trotman,
Morgan Esser,
Morgan Myer,
Nathan  Salzmann,
Nathan Kratz,
Nathan Wacker,
Nevada Rosteck,
Nicholas  Petersen,
Nicholas Edward Gimple,
Nicholas J Flesch,
Nicholas Neinhaus,
Nick Santillo,
Nick Tuttle,
Nicole  Mook,
Nicole Lynn Wernke,
Nicole Stumpf,
Oscar Leyva,
Pader Vue,
Patrick Leitzen,
Paulo Nazarro,
Penny Lehman,
RNGHML,
Rachael Puzan,
Ramie Burkett,
Randi Rusk,
Reid Janovitz,
Renee McKinnie,
Reva Jansen,
Robert Briscoe,
Robert Clark,
Ronald Gerlach,
Ronald Lee Hammel,
Russ ReVoir,
Russell Harlow,
Ryan  Schnier,
Ryan Dicks,
Ryan Smoot,
Ryan Spurling,
Ryan W Hosier,
SMITH1 for Mobilecom,
SMITH2 for Mobilecom,
SMITH3 for Mobilecom,
Sam Bates,
Sam Spurling,
Samantha Nodolf,
Samuel Davis,
Samuel Sturza,
Sara Addink,
Sara L Weltz,
Savannah Massingham,
Savannah Spreng,
Scott  Sindlinger,
Scott A. Wills,
Scott Reimer,
Sean Moser,
Sedrick Bradley,
Sergey Agibalov,
Shailynn Capron,
Shane Johnson,
Shannon McDermott,
Shelly Burkhart,
Stacey Muir,
Stephanie Cecere,
Stephanie Hayes,
Stephanie Huck,
Stephen Goldsworthy,
Steve Lamprecht,
Steve Roth,
Steven Arthur Efken,
Steven C Walter,
Stuart Moser,
Sydni Martin,
TJ Houselog,
TYSON,
Tamara Cristy,
Tammy Garcia,
Tammy Wright,
Tanmay Gupta,
Tanner  Floyd,
Tasmine Wheat,
Tate  John,
Ted Lakeman,
Teri BISDORF,
Thomas M Heath,
Tiffany Barnett,
Tiffany Hernandez,
Tim Cobb,
Tim Douglas,
Tim Ford,
Todd Candor,
Tracy Cranor,
Tracy Harry,
Trever Colpetzer,
Trey Wiedmann,
Tricia Burchett,
Tricia Smith,
Trisha Parr,
Ty Russell,
Tyler Foht,
Tyler Malcook,
Vaughn Coles,
Vittoria Naccarato,
Vlad Pchelka,
WATEME Moiblecom Profile,
Wendy Ann Johnson,
William Henson,
Wrigley D. Marquith,
Wyatt Honsinger,
Zach Thoms,
Zane Heflin,
amye alvarez,
brian dalton,
charles richards,
chris mcclure,
darrick eades,
david loudermilk,
gage brooks,
glenn elkins,
hank bresyn,
hollie taylor,
jacob bunch,
james list,
jennifer jones,
keith sally,
kevin stufflebeam,
krista condon,
michael mcgee,
molly maddox,
patrick carney,
peyton hoyer,
regina henson,
robert duncan,
tim andreassen,
tom cowan,
trevor lightfoot"
"250,196,062",PRD,Aggregated data of claims on Claim Number level,CLAIMS_SUMMARY,Driver Name,nvarchar(255),,,Full name of the driver involved in the incident,"14,736","Solutions, PHILIP R MEETZE_SR",,,No,
"250,196,062",PRD,Aggregated data of claims on Claim Number level,CLAIMS_SUMMARY,Driver Termination Date,datetime2,,,Date when the driver's employment was terminated (if applicable),"4,598","2023-11-09 00:00:00.0000000, 2021-12-20 00:00:00.0000000",00:00.0,00:00.0,No,
"250,196,062",PRD,Aggregated data of claims on Claim Number level,CLAIMS_SUMMARY,Equipment Category,nvarchar(10),,,Category classification of the equipment involved,4," , FM",,,No,"CO,
FM,
SH"
"250,196,062",PRD,Aggregated data of claims on Claim Number level,CLAIMS_SUMMARY,Equipment Code,nvarchar(255),,,Unique identifier code for the equipment,"8,575","107161, VPMA",,,No,
"250,196,062",PRD,Aggregated data of claims on Claim Number level,CLAIMS_SUMMARY,Equipment Type,nvarchar(255),,,Type or model of equipment involved in the incident,2,"U,  ",,,No,U
"250,196,062",PRD,Aggregated data of claims on Claim Number level,CLAIMS_SUMMARY,Expected Recovery Amount,"decimal(18,2)",,,The anticipated monetary amount expected to be recovered,"10,137","0.00, 500.00, 1000.00",-1000,9537882.57,Yes,
"250,196,062",PRD,Aggregated data of claims on Claim Number level,CLAIMS_SUMMARY,Fleet Manager Email,nvarchar(255),,,Email address of the fleet manager,71,"kyle.ross@hirschbach.com, it.jane@hirschbach.com                                                                                                                                                                                                                                         ",,,No,"Glen.Zornes@hirschbach.com,
Josh.Muskrat@hirschbach.com,
Will.Jones@hirschbach.com,
aaron.holt@hirschbach.com,
adam.hamberlin@hirschbach.com,
ali.newsom@hirschbach.com,
allen.berger@hirschbach.com,
amber.ludovissy@hirschbach.com,
andy.peter@hirschbach.com,
angie.gantenbein@hirschbach.com,
anthony.volante@hirschbach.com,
ashley.alexander@hirschbach.com,
benard.hall@hirschbach.com,
braxton.forbes@hirschbach.com,
brenda.waite@hirschbach.com,
brian.hammond@hirschbach.com,
brian.kelleher@hirschbach.com,
brian.knudson@hirschbach.com,
casey.wright@hirschbach.com,
chad.poole@hirschbach.com,
christopher.poon@hirschbach.com,
conner.herkelman@hirschbach.com,
dani.wright@hirschbach.com,
daniel.schueller@hirschbach.com,
david.williams@hirschbach.com,
deanna.dekorver@hirschbach.com,
dinneen.whitehurst@hirschbach.com,
greg.czech@hirschbach.com,
it.jane@hirschbach.com,
j.r.shirley@hirschbach.com,
janelle.hayes@hirschbach.com,
jason.weber@hirschbach.com,
jennifer.condon@hirschbach.com,
jim.gomez@hirschbach.com,
john.hessler@hirschbach.com,
john.kalb@hirschbach.com,
josh.delaney@hirschbach.com,
joshua.smith@hirschbach.com,
kasey.crow@hirschbach.com,
katie.healey@hirschbach.com,
kevin.friessen@hirschbach.com,
kyle.alexander@hirschbach.com,
kyle.nehmer@hirschbach.com,
kyle.ross@hirschbach.com,
lindsey.standorf@hirschbach.com,
lyndi.curry@hirschbach.com,
manuel.mier@hirschbach.com,
mark.laine@hirschbach.com,
marty.keppler@hirschbach.com,
melissa.hosch@hirschbach.com,
michael.smith@hirschbach.com,
misc@hirschbach.com,
nancy.ahrens@hirschbach.com,
nathan.salzmann@hirschbach.com,
nicholas.petersen@hirschbach.com,
nick.anderson@hirschbach.com,
nick.schulz@hirschbach.com,
nicole.wernke@hirschbach.com,
patrick.leitzen@hirschbach.com,
renee.mckinnie@hirschbach.com,
rob.stietz@hirschbach.com,
ryan.spurling@hirschbach.com,
scott.wills@hirschbach.com,
sean.moser@hirschbach.com,
sergey.agibalov@hirschbach.com,
stephen.scray@hirschbach.com,
steven.efken@hirschbach.com,
steven.walter@hirschbach.com,
trey.wiedmann@hirschbach.com,
zach.thoms@hirschbach.com"
"250,196,062",PRD,Aggregated data of claims on Claim Number level,CLAIMS_SUMMARY,Fleet Manager Name,nvarchar(255),,,Full name of the fleet manager,88,"Kyle James Ross, Andrew M Peter",,,No,"2024-04 Marty Keppler,
2025 - 02 Christopher Siew Yang  Poon,
AAUHML,
Aaron Holt,
Adam Hamberlin,
Ali Newsom,
Allen  Berger,
Amber Lange,
Andrew M Peter,
Angela Marie Gantenbein,
Anthony Volante,
Ashley A Alexander,
B2KHML,
Benard Hall,
Braxton Forbes,
Brenda Waite,
Brian Hammond,
Brian Love,
Brian Michael Kelleher,
Brian Weiss,
Casey  Wright,
Chad  Poole,
Conner Herkelman,
Danette  Wright,
Daniel J Schueller,
David L. Williams,
David Lobdell,
Deanna Dekorver,
Dinneen Whitehurst,
Eric Davis,
Glen Zornes,
Greg Czech,
Jacob Miller,
Jake Howell,
Janelle Renee Hayes,
Jason D Weber,
Jennifer  Condon,
Jim Gomez Jr.,
John Hessler,
John Kalb,
John T Kalb,
Joseph Robinson,
Josh Muskrat,
Joshua D Delaney,
Joshua Smith,
Justin Ross Shirley,
Kara Gatena,
Kasey Rae Crow,
Katharine J Healey,
Kevin  Friessen,
Kyle  Alexander,
Kyle F. Nehmer,
Kyle James Ross,
Lindsey Standorf,
Manuel Mier,
Mark Laine,
Melinda  Curry,
Melissa Jean Hosch,
Melissa Stochl,
Michael M. Smith,
Nathan  Salzmann,
Nevada Rosteck,
Nicholas  Petersen,
Nicholas E Anderson,
Nick B. Schulz,
Nicole Lynn Wernke,
Noah Halvorsen,
Patrick Leitzen,
Renee McKinnie,
Richard McCants,
Robert Stietz,
Ryan Spurling,
Scott A. Wills,
Scott Harm,
Sean Moser,
Sergey Agibalov,
Stephen H. Scray,
Steven Arthur Efken,
Steven C Walter,
Todd McPherson,
Trey Wiedmann,
Will Jones,
Zach Thoms,
amye alverez,
chris mcclure,
gage brooks,
glenn elkins,
tim andreassen"
"250,196,062",PRD,Aggregated data of claims on Claim Number level,CLAIMS_SUMMARY,Fuel Station,nvarchar(255),,,Fuel station location relevant to the incident,1,,,,No,
"250,196,062",PRD,Aggregated data of claims on Claim Number level,CLAIMS_SUMMARY,Gross Reserve,"decimal(18,2)",,,Total reserve amount set aside for the claim,"28,186","0.00, 1000.00, 5000.00",-1506.5,19631427.76,Yes,
"250,196,062",PRD,Aggregated data of claims on Claim Number level,CLAIMS_SUMMARY,Gross Reserve Above/Below 25K,varchar(5),,,"Indicator if the gross reserve is above or below $25,000",2,"Below, Above",,,No,"Above,
Below"
"250,196,062",PRD,Aggregated data of claims on Claim Number level,CLAIMS_SUMMARY,Is Critical Flag,bit,,,Binary flag indicating if the incident is classified as critical,2,"0, 1",0,1,No,
"250,196,062",PRD,Aggregated data of claims on Claim Number level,CLAIMS_SUMMARY,Is Divided Highway Flag,bit,,,Binary flag indicating if the incident occurred on a divided highway,1,0,0,0,No,
"250,196,062",PRD,Aggregated data of claims on Claim Number level,CLAIMS_SUMMARY,Is Minor Flag,bit,,,Binary flag indicating if the incident is classified as minor,2,"1, 0",0,1,No,
"250,196,062",PRD,Aggregated data of claims on Claim Number level,CLAIMS_SUMMARY,Lanes,int,,,Number of traffic lanes where the incident occurred,1,0,0,0,No,
"250,196,062",PRD,Aggregated data of claims on Claim Number level,CLAIMS_SUMMARY,Last Updated AdjusterName,nvarchar(40),,,Name of the adjuster who last updated the claim,18,"MATT ALLEN               , Trisha Gottschalk",,,No,"BLANCA BANUELOS,
BRIAN KOHLWES,
CONNOR DUGGAN,
COURTNEY FERNANDEZ,
DENISE HENNINGER,
Dan Meter,
HANNAH DOWNING,
JESSICA MCGOVERN,
JON STELKEN,
Jane Spurling,
Jonathon Stelken,
Maggie Clemen,
Matt Allen,
Mike Pulido,
SETH BERGMAN,
Sean Gage,
TRISHA GOTTSCHALK"
"250,196,062",PRD,Aggregated data of claims on Claim Number level,CLAIMS_SUMMARY,Note Last Updated,date,,,Date when notes were last updated,20,"2025-08-04, 0001-01-01",2001-01-01,8/4/2025,No,
"250,196,062",PRD,Aggregated data of claims on Claim Number level,CLAIMS_SUMMARY,Note Last Updated User,nvarchar(255),,,User who last updated the notes,30,"M1AHML, C3DHML",,,No,
"250,196,062",PRD,Aggregated data of claims on Claim Number level,CLAIMS_SUMMARY,Occurrence Date,date,,,Date when the accident or incident actually occurred. Primary field for time-based analysis.,"7,392","2019-11-11, 2020-02-07, 2019-03-18",10/29/1998,9/14/2025,No,
"250,196,062",PRD,Aggregated data of claims on Claim Number level,CLAIMS_SUMMARY,Occurrence Time,time,,,Time when the actual incident occurred,29,"00:00:00.0000000, 10:00:00.0000000",00:00.0,08:00.0,No,
"250,196,062",PRD,Aggregated data of claims on Claim Number level,CLAIMS_SUMMARY,Occurrence Week Ending,date,,,Week ending date for when the incident occurred,"1,321","2020-01-19, 2019-02-24, 2019-02-03",2001-01-07,9/14/2025,No,
"250,196,062",PRD,Aggregated data of claims on Claim Number level,CLAIMS_SUMMARY,Opened Date,datetime2,,,Date and time when the claim was officially opened,"7,184","2025-08-06 00:00:00.0000000, 2019-03-05 00:00:00.0000000",2001-01-01 0:00:00,00:00.0,No,
"250,196,062",PRD,Aggregated data of claims on Claim Number level,CLAIMS_SUMMARY,Order Number,nvarchar(255),,,Order or shipment number associated with the incident,"9,430","       , 0000000",,,No,
"250,196,062",PRD,Aggregated data of claims on Claim Number level,CLAIMS_SUMMARY,Orientation Location,nvarchar(255),,,Location code where driver orientation took place,18,"EADUIL,       , DENTTX",,,No,"BLAINE,
CALDID,
DENTTX,
DOVEFL,
DUBUIA,
EADUIL,
EAGAMN,
EDWAKS,
JOLIIL,
MABLGA,
MEMPTN,
MONMIL,
NASHTN,
SAPUOK,
SPRIMA,
TRNGIA,
TRNGKS"
"250,196,062",PRD,Aggregated data of claims on Claim Number level,CLAIMS_SUMMARY,Paid Recovered Amount,"decimal(18,2)",,,The actual amount paid out that was recovered,"23,232","0.00, -1000.00, -500.00",-1109836.22,19521919.17,Yes,
"250,196,062",PRD,Aggregated data of claims on Claim Number level,CLAIMS_SUMMARY,Preventable Flag,nvarchar(255),,,"Classification indicating if the incident was preventable (P=Preventable, N=Non-preventable, U=Under investigation)",5,"N, P, Unk",,,No,"N,
P,
U,
Unk"
"250,196,062",PRD,Aggregated data of claims on Claim Number level,CLAIMS_SUMMARY,Recruiter,nvarchar(255),,,Recruiter responsible for hiring the driver,97,"LEG, ND ",,,No,"A2,
A2F,
A2J,
A8H,
AA,
AC,
ADW,
AH,
AJ,
AJA,
AJE,
ALM,
AMP,
AR,
AS,
AV,
B2G,
B3D,
BB,
BC,
BDP,
BE,
BEE,
BF,
BS,
C1J,
CC,
CDS,
CJM,
CLR,
D5H,
DB,
DH,
DL,
DLA,
DLW,
DPR,
DS,
EM,
ES,
G2M,
GC,
GF,
GM,
H3D,
HLG,
I1C,
J0P,
J2W,
J3P,
J6K,
JB,
JJ,
JMC,
JS,
K1N,
KD,
KF,
KG,
L2,
L3P,
LC,
LEA,
LEG,
LG,
LT,
M1E,
M5W,
M8S,
MG,
MH,
MJP,
MJZ,
ML,
MLG,
MTD,
N3S,
N5D,
ND,
NW,
ONM,
PF,
POK,
Q1B,
R2S,
S1B,
S1J,
S9R,
SC,
SG,
SK,
T3M,
TA,
TCK,
TP,
V1R"
"250,196,062",PRD,Aggregated data of claims on Claim Number level,CLAIMS_SUMMARY,Reserve Type Codes,nvarchar(MAX),,,Codes indicating the types of reserves set for the claim,"1,411","COMP,COMP, LP,LP,LP,LP",,,No,
"250,196,062",PRD,Aggregated data of claims on Claim Number level,CLAIMS_SUMMARY,Road Accident Flag,varchar(3),,,Flag indicating if the incident was a road accident,2,"Yes, No",,,No,"No,
Yes"
"250,196,062",PRD,Aggregated data of claims on Claim Number level,CLAIMS_SUMMARY,Road Surface,nvarchar(255),,,Description of the road surface conditions during the incident,3," , CNCRT / SPHLT  ",,,No,"CNCRT / SPHLT,
SHOULDER"
"250,196,062",PRD,Aggregated data of claims on Claim Number level,CLAIMS_SUMMARY,Road Type,nvarchar(255),,,Type of road where the incident occurred,4," , PARKING LOT / CUSTOMERS YARD            ",,,No,"HIGHWAY/INTERSTATE,
PARKING LOT / CUSTOMER YARD,
PARKING LOT / CUSTOMERS YARD"
"250,196,062",PRD,Aggregated data of claims on Claim Number level,CLAIMS_SUMMARY,Safety Coach,varchar(255),,,Safety coach assigned to the driver,32,"S2RHML, J1EHML",,,No,
"250,196,062",PRD,Aggregated data of claims on Claim Number level,CLAIMS_SUMMARY,Safety Coach Email,nvarchar(255),,,Email address of the safety coach,26,"scott.recker@hirschbach.com, jordan.eglseder@hirschbach.com",,,No,
"250,196,062",PRD,Aggregated data of claims on Claim Number level,CLAIMS_SUMMARY,Safety Coach Name,nvarchar(255),,,Full name of the safety coach,30,"Scott  Recker, Jordan  Eglseder",,,No,"Amber J. Hoffman,
Anthony  Krapfl,
Brenden West,
Brett Greene,
Briann Ruggerio,
Colby Medinger,
Courtney  Koob,
Gene Caulder,
Jackie Knockel,
Jeremiah Estes,
Joel Bahn,
Jordan  Eglseder,
Joseph  Karberg,
Justin Warehime,
Kirk Osborne,
Lacie Leonard,
Lindsay Noel,
Michael Patrick Drapeau,
Michael Pulido,
Nathaniel  Greene,
SHuree Behr,
Scott  Recker,
Scott Rausch,
Sean Gage,
Sierra Wolthoff,
Stephanie Burgos,
Tammy Michels,
Tariq Smith,
Tim Ford,
Troy Steines"
"250,196,062",PRD,Aggregated data of claims on Claim Number level,CLAIMS_SUMMARY,Safety Trainer,nvarchar(255),,,Safety trainer for the driver,4,"Y, N",,,No,"N,
S,
Y"
"250,196,062",PRD,Aggregated data of claims on Claim Number level,CLAIMS_SUMMARY,Salvage Amount,"decimal(18,2)",,,Monetary value of any salvaged materials from the incident,"1,117","0.00, 500.00, 1000.00",-1950000,8499500,Yes,
"250,196,062",PRD,Aggregated data of claims on Claim Number level,CLAIMS_SUMMARY,Severity,int,,,Numerical severity rating of the incident,5,"1, 3, 2005",0,5,No,
"250,196,062",PRD,Aggregated data of claims on Claim Number level,CLAIMS_SUMMARY,Short_Description,nvarchar(100),,,Brief description or summary of the incident,90,"PARKED         , BACKING        , FIXED OBJCT FWD",,,No,"ACT OF GOD,
BACKING,
BOTTOMED OUT,
BROADSIDE,
CARGO - DAMAGE,
CARGO - OPS,
CARGO - TEMP,
CARGO - THEFT,
CARGO FIRE,
CARGO INSPECTIO,
CARGO SHORTAGE,
CARGO TRANSLOAD,
CARGO-ACCIDENT,
CARGOLOADSHIFT,
CRG CLM - DMG,
CRG CLM - KNWNH,
CRG CLM - NRPRT,
CRG CLM - NTGRT,
CRG CLM - SLS L,
CRG CLM RSLTNGR,
CRG CLM- MCHNCL,
CRG CLM- MSSNGD,
CRG-UNAUTH DISP,
DMGD T N TSD VN,
DROPPED TRAILER,
DRVWY - LNDSCP,
DRVWY - LNDSCPM,
FIRE,
FIXED OBJCT FWD,
HDN CLLSN,
HEADON,
HIGH HOOK,
HIT ANIMAL,
HML TRCK RLLS B,
HML UNIT PARKED,
INJURY,
INTERSECT/RUNUN,
JACKKNIFE,
JCKKNF - HGH SP,
LANE CHANGE,
LEFT TURN,
LFT TRN - LW SP,
LOSS CONT FAST,
LSS F CNTRL - H,
MPLYMNT SSS,
NON ACC CLAIM,
NRPRTD DMG - CL,
OCC-ACC,
OCCACC,
OVERHEAD OBJECT,
PARKED,
PARKING LOT,
PRKNG LT NCDNTM,
RAN OFF ROAD,
REAR END,
REPAIR ONLY,
RGHT TRN - LW S,
RIGHT TURN,
RN FF RD - NN R,
ROAD HAZARD,
ROLL-BACK/FWD,
ROLLAWAY,
ROLLOVER,
ROLLOVER-UPSET,
RPR NLY - DCMMS,
SEAL INTEGRITY,
SIDESWIPE,
SRS NJRY R FTLT,
STLN RNTLS, LNR,
STTNRY BJCT - M,
TDO CLAIMS,
TEMP ISSUE,
TGHT TRN - DMGR,
THEFT/VANDALISM,
TIGHT TURN,
TRLR DMG FND -T,
TRLR DMG FOUND,
TRND/LGHTNNG/HR,
UD FOUND,
UNATHOURIZED DP,
UNREPORTED OVER,
UTURN,
VENDOR DAMAGE,
WC CMPNY DRVR,
WC COMP DRIVER,
WC NON-DRIVER,
WC TRCTR MCHNC,
WC TRLR MCHNC,
WORK COMP,
WORK COMP CLAIM"
"250,196,062",PRD,Aggregated data of claims on Claim Number level,CLAIMS_SUMMARY,Status Flag,nvarchar(255),,,"Current lifecycle status of the claim:
 O = Open
 C = Closed
 R = Reopened
 I = Incident (non-claimable event).",4,"C, O, R",,,No,"C,
I,
O,
R"
"250,196,062",PRD,Aggregated data of claims on Claim Number level,CLAIMS_SUMMARY,System_Flag,varchar(255),,,System-generated flag for processing purposes,2,"H, J",,,No,"H,
J"
"250,196,062",PRD,Aggregated data of claims on Claim Number level,CLAIMS_SUMMARY,TerminationFlag,varchar(10),,,Flag indicating if employment termination is related to the incident,2,"Terminated, Active",,,No,"Active,
Terminated"
"250,196,062",PRD,Aggregated data of claims on Claim Number level,CLAIMS_SUMMARY,Total Paid,"decimal(18,2)",,,Total amount paid out for the claim,"1,671","0.00, 25000.00, 11.30",0,2116695.92,No,
"250,196,062",PRD,Aggregated data of claims on Claim Number level,CLAIMS_SUMMARY,Type Code,nvarchar(255),,,Code identifying the specific type of incident,65,"PARKED, BACK  , FXOBFW",,,No,"24,
99,
ACTGOD,
ANIMAL,
BACK,
BROADS,
BTMOUT,
CACC,
CAFIRE,
CDMG,
CINSPC,
CLATE,
CMECHA,
CNOPOD,
COVR,
CRGDIS,
CRGORO,
CRGSFT,
CRGTMP,
CSHRT,
CSINT,
CTHFT,
CTMP,
CTRAN,
CUAD,
DRPTRL,
EMPL,
FIRE,
FXOBFW,
HEADON,
HIHOOK,
INJURY,
INTSRU,
JACKKF,
LANECH,
LCHS,
LEFTTU,
LNDSCP,
NONACC,
OA,
OVHDOB,
PARKED,
PLI,
RANOFF,
REARND,
REPAIR,
RIGHTT,
ROADHZ,
ROLLA,
ROLLBF,
ROLLO,
SSWIPE,
TDO,
THEFTV,
TIGTTN,
TRLDMF,
UD,
UTURN,
VENDOR,
WC,
WC ND,
WCCD,
WCTLM,
WCTRM"
"250,196,062",PRD,Aggregated data of claims on Claim Number level,CLAIMS_SUMMARY,Type Description,nvarchar(255),,,Detailed description of the incident type,99,"HML UNIT PARKED                              , BACKING                                      , STATIONARY OBJECT - MOVING FORWARD           ",,,No,"21,
24,
27,
29,
3,
30,
4,
5,
50,
6,
7,
99,
AIGLIA,
Auto Liability Bodily Injury,
Auto Liability Property Damage,
BACKING,
BOTTOMED OUT,
BROADSIDE,
CARGO - LATE,
CARGO CLAIM - DAMAGE,
CARGO CLAIM - FIRE,
CARGO CLAIM - INTEGRITY OF SEAL CHALLENGED,
CARGO CLAIM - KNOWN THEFT,
CARGO CLAIM - LOAD SHIFT,
CARGO CLAIM - MECHANICAL ISSUE,
CARGO CLAIM - MISSING POD,
CARGO CLAIM - OPERATIONAL FAILURE,
CARGO CLAIM - RESULTING FROM ACCIDENT,
CARGO CLAIM - SALES LOST FROM LATE LOAD,
CARGO CLAIM - TEMPERATURE ABUSE,
CARGO CLAIM - TRANSLOAD ONLY,
CARGO CLAIM - UNATHORIZED DISPOSITION,
CARGO CLAIM - UNREPORTED OVERAGE,
CARGO CLAIM - UNREPORTED SHORTAGE,
CARGO CLAIM RESULTING FROM ACCIDENT,
CARGO CLAIM- MECHANICAL ISSUE,
CARGO CLAIM- MISSING POD,
CARGO FIRE,
CARGO INSPECTION,
CEMP,
CNCF,
CPOD,
DAMAGED AT AN OUTSIDE VENDOR,
DRIVEWAY - LANDSCAPE DAMAGE,
DROPPED TRAILER,
EMPLOYMENT ISSUES,
FIRE,
FUELSP,
General Liability Bodily Injury,
General Liability Property Damage,
HEADON COLLISION,
HIGH HOOK, OVERSHOOT PIN, DAMAGE BACK OF CAB,
HIT ANIMAL,
HIT DEER / ANIMAL,
HML TRUCK ROLLAWAY - BRAKES NOT SET,
HML TRUCK ROLLS BACK/FWD  - DRIVER IN TRUCK,
HML UNIT PARKED,
INTERSECTING/RUN UNDER,
IO,
JACKKNIFE - HIGH SPEEDS,
LANE CHANGE,
LEFT TURN - LOW SPEEDS,
LOSS OF CONTROL - HIGH SPEED,
OCCUPATIONAL ACCIDENTAL,
OVERHEAD OBJECT,
PARKING LOT INCIDENT - DMG TO 1ST OR 3RD PRTY,
RAN OFF ROAD - NON ROLLOVER,
REAR END,
REPAIR ONLY - DECOMMISSION WITH DAMAGE,
RIGHT TURN - LOW SPEEDS,
ROAD HAZARD,
ROLLOVER - UPSET,
ROLLOVER ACCIDENT,
ROLLOVER-UPSET,
SERIOUS INJURY OR FATALITY TO THIRD PARTY,
SHAGWL,
SIDESWIPE,
STATIONARY OBJECT - MOVING FORWARD,
STOLEN RENTALS, LOANERS, SHOP DAMAGE,
TDO CLAIMS,
TEMP ISSUE,
THEFT / VANDALISM,
THEFT/VANDALISM,
TIGHT TURN - DAMAGE TO FIRST PARTY,
TORNADO/LIGHTNING/HURRICANE ETC,
TRAILER DAMAGE FOUND - NOT TURNED IN,
TRLR DMG FOUND,
U-TURN,
UNATHOURIZED DISPOSAL,
UNREPORTED DAMAGE - CLAIM/DAMAGE FOUND,
VPKLIA,
WC COMPANY DRIVER,
WC NON-DRIVER,
WC TRACTOR MECHANIC,
WC TRAILER MECHANIC,
WC TRUCK MECHANIC,
WORK COMP,
WORK COMP CLAIM"
"250,196,062",PRD,Aggregated data of claims on Claim Number level,CLAIMS_SUMMARY,Type of Claim,varchar(11),,,General category of the claim type,4,"Crashes, Cargo Claim, Other",,,No,"Cargo Claim,
Crashes,
Other,
Work Comp"
"250,196,062",PRD,Aggregated data of claims on Claim Number level,CLAIMS_SUMMARY,Weather Conditions,nvarchar(255),,,Weather conditions at the time of the incident,7,"CLEAR                                   ,  ",,,No,"CLEAR,
CLOUDY/OVERCAST,
COULDY/OVERCAST,
FOG,
RAIN / WET,
SNOW/SLEET/FREEZING RAIN/ICE"
"250,196,062",PRD,Aggregated data of claims on Claim Number level,CLAIMS_SUMMARY,Work Comp - Exclude,int,,,Binary indicator for excluding from workers compensation,2,"0, 1",0,1,No,
"250,196,062",PRD,Aggregated data of claims on Claim Number level,CLAIMS_SUMMARY,Workers Comp Type Code,nvarchar(3),,,Code for the type of workers compensation claim,2," , OAM",,,No,OAM